{"cameraMode":{"drawMode":0,"name":"Shaded","section":"Shading Mode"},"sceneLighting":false,"audioPlay":false,"sceneViewState":{"m_AlwaysRefresh":false,"showFog":true,"showSkybox":false,"showFlares":true,"showImageEffects":true,"showParticleSystems":true,"showVisualEffectGraphs":true,"m_FxEnabled":true},"in2DMode":false,"pivot":{"x":0.32169482111930849,"y":2.049999952316284,"z":5.816035747528076},"rotation":{"x":0.321749210357666,"y":0.04116939380764961,"z":-0.01400492712855339,"w":0.9458258748054504},"size":1.4072136878967286,"orthographic":true}